{
  "id": 800,
  "isModified": true,
  "name": "Kick23",
  "floats": {
    "0": 1,
    "1": 12,
    "2": 350,
    "3": 360,
    "4": 0.4,
    "5": 0.20000000000000004,
    "6": 0.5,
    "7": 0.6000000000000001,
    "8": 0,
    "9": 1,
    "10": 0,
    "11": 1,
    "12": 0.5200000000000001,
    "13": 0.03,
    "14": 0.33999999999999997,
    "15": 0.2899999999999999,
    "16": 0.22,
    "17": 0.4,
    "18": 0.22,
    "19": 0.4,
    "20": 3000,
    "21": 0,
    "22": 0,
    "23": 20
  },
  "strings": {
    "0": "./data/wavetables/0_test.wav"
  },
  "cc": {},
  "engine": {
    "path": "./data/patches/kick23",
    "idStart": 800,
    "idEnd": 899,
    "initName": "Init Kick23",
    "name": "kick23"
  },
  "filename": "000.json"
}