{
  "id": 0,
  "isModified": true,
  "name": "mySynth",
  "floats": {
    "0": 1,
    "1": 2100,
    "2": 0,
    "3": 0,
    "4": 32,
    "5": 40,
    "6": 1,
    "7": 10,
    "8": 10,
    "9": 0.7999999999999999,
    "10": 30,
    "11": 0,
    "12": 0,
    "13": 0,
    "14": 0,
    "15": 0,
    "16": 0,
    "17": 0,
    "18": 0,
    "19": 0,
    "20": 3.200000000000001,
    "21": 340.7,
    "22": 1,
    "23": 0,
    "24": 0.31000000000000005,
    "25": 0.10000000000000002,
    "26": 0.11000000000000008,
    "27": 0,
    "28": 1.3877787807814457e-17,
    "29": 0,
    "30": 0,
    "31": 0,
    "32": 0,
    "33": 0,
    "34": 0,
    "35": 0,
    "36": 0,
    "37": 0,
    "38": 0,
    "39": 0,
    "40": 0,
    "41": 0,
    "42": 0,
    "43": 0,
    "44": 0,
    "45": 0,
    "46": 0,
    "47": 0,
    "48": 0,
    "49": 0,
    "50": 0,
    "51": 0,
    "52": 0,
    "53": 0,
    "54": 0
  },
  "strings": {
    "0": "data/wavetables/0_test.wav",
    "1": "./data/wavetables/0_test.wav",
    "2": "./data/wavetables/0_test.wav"
  },
  "cc": {},
  "engine": {
    "path": "./data/patches/synth",
    "idStart": 0,
    "idEnd": 799,
    "initName": "Init Synth",
    "name": "synth"
  },
  "filename": "000.json"
}